name,predict,position,team,value,PPM,selected,cost,adjusted_predict
Alexander Isak,11.36056148514199,FWD,Newcastle,88.00000000000001,1.2909728960388622,1,8.8,11.36056148514199
Jhon Durán,6.032071142197129,FWD,Aston Villa,58.0,1.0400122658960567,1,5.8,6.032071142197129
Cody Gakpo,5.957771414630589,FWD,Liverpool,70.99999999999999,0.8391227344550126,1,7.099999999999999,5.957771414630589
